e, e_dot, e_int, stamp, 
3.3259305659550624, 0.0, 0.6651861131910125, 855852000000, 
3.3239013050132398, -0.006764203139408842, 0.6650508291282243, 856566000000, 
3.323083222133319, -0.009491146072478548, 0.6648610062067747, 856668000000, 
3.317092092312757, -0.022697375668275416, 0.664271774630621, 856770000000, 
3.3175559523111664, -0.018424232740508195, 0.6638487511171495, 856872000000, 
3.3168595167026, -0.000775252033857754, 0.6634338374217682, 856974000000, 
3.3175427102753066, -4.4140119532798394e-05, 0.6634638786192715, 857042000000, 
3.3203255854196216, 0.011553562390072733, 0.6636485208265019, 857144000000, 
3.3220102946907493, 0.014891948051475682, 0.6639919060257119, 857246000000, 
3.32264747694508, 0.007739638418193806, 0.6643322238036968, 857348000000, 
3.323063688579175, 0.003511312961418748, 0.6645147640143336, 857450000000, 
3.323431363853573, 0.0026129563616435667, 0.6646095019585218, 857552000000, 
3.323131228553669, 0.00022513324831348788, 0.664641752065761, 857654000000, 
3.3243809370216093, 0.00316524389345485, 0.6647295686285901, 857756000000, 
3.3265371770820784, 0.011353161761364916, 0.6649366228438238, 857858000000, 
3.325023648170533, 0.002142370496412601, 0.6650627841516148, 857960000000, 
3.322380857992258, -0.013854396966067975, 0.6649294455496579, 858062000000, 
3.318948187364678, -0.02025153601951768, 0.6644235129018312, 858164000000, 
3.316260626790072, -0.02040077067395322, 0.6638393114764672, 858266000000, 
3.311941905738451, -0.02335427208742284, 0.6631433813262133, 858368000000, 
3.305108527901438, -0.03717366296211407, 0.6622207373619974, 858470000000, 
3.30361504959411, -0.02775618714780344, 0.6613776988822666, 858572000000, 
3.303579407456472, -0.005097068149885568, 0.6608201989968013, 858640000000, 
3.304372392171654, 0.002524475258480763, 0.6607711232814824, 858742000000, 
3.3042740342137615, 0.002315422524297913, 0.6608150555894592, 858844000000, 
3.3036107311281553, -0.002538870144996134, 0.6608171438342382, 858946000000, 
3.3018244760688686, -0.008165193816309646, 0.6606472827607189, 859048000000, 
3.3016463214844674, -0.006548032145626455, 0.6604721019120994, 859150000000, 
3.302323456743951, 0.0016632689169412036, 0.6603862836198191, 859252000000, 
3.3036935523477196, 0.006824102877507343, 0.6605108887050759, 859354000000, 
3.30579977971896, 0.01158774325002998, 0.6607877859207087, 859456000000, 
3.3078686411034988, 0.013916962519264034, 0.6611574648780119, 859558000000, 
3.306796132919438, 0.0033211773349265763, 0.6613643035827931, 859660000000, 
3.3081144754347265, 0.0008194477707590408, 0.6615186166305109, 859762000000, 
3.300045818614821, -0.022501047682056036, 0.6609970951312656, 859864000000, 
3.295520513373853, -0.04197987353624496, 0.66024538716156, 859966000000, 
3.295250794232765, -0.015983414606853447, 0.6593878084147626, 860068000000, 
3.297411957483869, 0.006304813700053202, 0.6592122176726991, 860170000000, 
3.29811922881263, 0.009561448599549513, 0.6593854653686176, 860238000000, 
3.2981915932451074, 0.002598785870794688, 0.6595815186361071, 860340000000, 
3.2973751161431757, -0.002480375564847629, 0.6595790625467276, 860442000000, 
3.295934085387735, -0.007525026191241106, 0.6594333863184012, 860544000000, 
3.2938894900732727, -0.011618753566343306, 0.6591465794402789, 860646000000, 
3.2908805123812352, -0.016845243354999262, 0.6587136058561496, 860748000000, 
3.2862542457158805, -0.025450814524640524, 0.6580682832113592, 860850000000, 
3.280244507919866, -0.03545334820456455, 0.6571586177344654, 860952000000, 
3.277916296535241, -0.027793163935464864, 0.6562943366780658, 861054000000, 
3.2786994447512394, -0.005150210562088198, 0.655790683280423, 861156000000, 
3.276757587208136, -0.0038623644236842245, 0.6555582218996411, 861258000000, 
3.275422269626401, -0.01092391708279461, 0.6553919534390518, 861360000000, 
3.263189216686079, -0.04522790174018946, 0.6543579382347077, 861462000000, 
3.25976621663236, -0.052186843313470156, 0.6532251801963227, 861564000000, 
3.260932934368706, -0.007520941057910235, 0.6522592245124763, 861666000000, 
3.2635749918786034, 0.012695917487478189, 0.6522849428586447, 861768000000, 
3.264137060171072, 0.010680419341220215, 0.652576332427892, 861836000000, 
3.264123737685596, 0.0018291526899745965, 0.6527890526490181, 861938000000, 
3.2631029155937243, -0.0034471485911587627, 0.6527575808966927, 862040000000, 
3.261536480585439, -0.008624190333856122, 0.6525842089243172, 862142000000, 
3.2585821740968752, -0.015069138322830375, 0.6522147713517358, 862244000000, 
3.2542314812275914, -0.02434999785949188, 0.6516233423939937, 862346000000, 
3.247473982987925, -0.03702730369650039, 0.6506858425541594, 862448000000, 
3.2393156086583628, -0.0497195752307622, 0.6494014048582586, 862550000000, 
3.2301816263575027, -0.057641188768074635, 0.6477980812002526, 862652000000, 
3.2210665204185873, -0.06083029413258482, 0.6460375836956301, 862754000000, 
3.2108104540856153, -0.06457057423962483, 0.644137240057447, 862856000000, 
3.201102302577929, -0.06654739280219424, 0.6421986184721421, 862958000000, 
3.192955007739323, -0.059518154487641084, 0.6403245176268578, 863060000000, 
3.1870480850718144, -0.046847391687048955, 0.6387403596926045, 863162000000, 
3.1826059620778593, -0.03449681887154554, 0.6375072703259331, 863264000000, 
3.178427005960094, -0.02873693037240166, 0.6365387368739844, 863332000000, 
3.1748101009783656, -0.02598620366497902, 0.6357228712677546, 863434000000, 
3.1721272161930414, -0.020999299223508256, 0.6350242882087668, 863536000000, 
3.1695330319473616, -0.017590230103346666, 0.6344313566079179, 863638000000, 
3.166910579278879, -0.017388789713873958, 0.6339047218279521, 863740000000, 
3.1628741340572013, -0.022196326300534253, 0.6332878496855627, 863842000000, 
3.1572034755179894, -0.0323570125362993, 0.632465879256938, 863944000000, 
3.151099355673396, -0.03924926127935121, 0.6314117976832391, 864046000000, 
3.1441431687477994, -0.043534355900633294, 0.6301630666626123, 864148000000, 
3.1374108261649245, -0.04562843169490479, 0.6288435567057413, 864250000000, 
3.1309540837024934, -0.043963616817686756, 0.6275005385743477, 864352000000, 
3.1241792587321946, -0.04410522477576636, 0.6261696112399742, 864454000000, 
3.118266960153825, -0.042290411828894335, 0.6248933535059008, 864556000000, 
3.101940585559355, -0.07412891057613151, 0.6229591202963582, 864658000000, 
3.088681568224256, -0.09861797309856406, 0.620592607595829, 864760000000, 
3.0881957551842896, -0.04581610125021859, 0.61858786059786, 864862000000, 
3.0904739029424717, 0.005974449060719422, 0.6178234150900679, 864930000000, 
3.0930588868467206, 0.016210438874770066, 0.6181152363315654, 865032000000, 
3.095125642858742, 0.015505799720901456, 0.6185772288431955, 865134000000, 
3.0963199693828707, 0.010870275120500317, 0.6189669666058889, 865236000000, 
3.0966747132514474, 0.005163567975684143, 0.6192080216995374, 865338000000, 
3.0950951328134497, -0.004082788564736539, 0.6192059876965178, 865440000000, 
3.092279999628319, -0.014649045410428663, 0.6189366563795478, 865542000000, 
3.0884444084023124, -0.02216908137045781, 0.6183879693896054, 865644000000, 
3.0838492854738684, -0.028102380514834675, 0.6176382462336333, 865746000000, 
3.078638090749407, -0.03268772550968505, 0.616728785641706, 865848000000, 
3.072957714986401, -0.03630523495822491, 0.6156963394139784, 865950000000, 
3.0672633328549894, -0.03791585964805814, 0.6145906092393865, 866052000000, 
3.062000363004524, -0.0365245066062562, 0.6134814273897276, 866154000000, 
3.055442543222103, -0.03940263210962117, 0.6123137492721078, 866256000000, 
3.0485507742605473, -0.04483196247992242, 0.6110662453658117, 866358000000, 
3.040433647857441, -0.050029651215539594, 0.6096284643560062, 866460000000, 
3.032352943689262, -0.05399276857095181, 0.6080891577204833, 866528000000, 
3.024116019614362, -0.054392094143597504, 0.6064601740774043, 866630000000, 
3.010446965230238, -0.07301992819674623, 0.6044610619022576, 866732000000, 
3.000897326739698, -0.07739564291554608, 0.6023640207722866, 866834000000, 
2.9995123997171085, -0.03644855171043145, 0.6007237794458029, 866936000000, 
2.998460882415625, -0.008121481080243242, 0.5999247072581622, 867038000000, 
2.995525939312336, -0.013288201349241172, 0.5995666147630047, 867140000000, 
2.990260552393402, -0.02733443340741104, 0.5989498249414242, 867242000000, 
2.9834356271266578, -0.04030104061892784, 0.5979481412554931, 867344000000, 
2.9753573383266514, -0.049677380222501455, 0.5966035678564474, 867446000000, 
2.966609112927407, -0.05608838066416914, 0.5950268052253811, 867548000000, 
2.9582591456991687, -0.0569939754249423, 0.5933483731302152, 867650000000, 
2.951686190727518, -0.04974307399963074, 0.5917702966236063, 867752000000, 
2.9445769530674624, -0.04560730877235445, 0.5903014859662766, 867854000000, 
2.9354411028891687, -0.05415029279449701, 0.5887802831122766, 867956000000, 
2.92664403717663, -0.05977638630277523, 0.587110806208884, 868058000000, 
2.9178231309768963, -0.058726573040908114, 0.5853272180695129, 868126000000, 
2.9069584842753433, -0.06561850967095495, 0.5834283768285913, 868228000000, 
2.896658943585782, -0.07054729130371455, 0.5814293705892015, 868330000000, 
2.8875134871963435, -0.06481665692999942, 0.5794087276704979, 868432000000, 
2.8780841932441197, -0.06191583447220742, 0.577483774935083, 868534000000, 
2.8670701704052237, -0.06814438930373257, 0.5755111900563791, 868636000000, 
2.8567346820189012, -0.07116503741739481, 0.5734592697112163, 868738000000, 
2.8466825220390435, -0.06795882788726744, 0.5713658249642113, 868840000000, 
2.8368243251067824, -0.06636785637372948, 0.5693494352776485, 868942000000, 
2.825590390596342, -0.070307104809005, 0.5672731491828111, 869044000000, 
2.815212809149114, -0.07203838652556065, 0.5651751683234826, 869146000000, 
2.8072386061526267, -0.06117261481238442, 0.5632027870598721, 869248000000, 
2.7976325831767745, -0.058600753241132196, 0.5613389332319011, 869350000000, 
2.7873875603709033, -0.06617015260574455, 0.559483916646687, 869452000000, 
2.7766850940522967, -0.06982496374825953, 0.5574470158399982, 869554000000, 
2.7660349102358555, -0.07117550045015945, 0.5553405043106037, 869656000000, 
2.755965698443578, -0.06906465202906276, 0.5532457135154486, 869724000000, 
2.7460203639175975, -0.06671515439419314, 0.5512013981731354, 869826000000, 
2.735719024505012, -0.0674889131285535, 0.5491803391244124, 869928000000, 
2.7257891956286433, -0.06743722762984738, 0.5471685722700834, 870030000000, 
2.7157787037827816, -0.06646773574076725, 0.5451524615944291, 870132000000, 
2.705887692796148, -0.06633834277498381, 0.5431637061471715, 870234000000, 
2.696131100383338, -0.06549201133147904, 0.5411864997974846, 870336000000, 
2.686324205745697, -0.06521162350150433, 0.5392228665950122, 870438000000, 
2.6765021235051414, -0.06542992292732179, 0.5372638286422784, 870540000000, 
2.666643237911856, -0.06560322611280256, 0.5352979711441797, 870642000000, 
2.6567992618560656, -0.06567620549691917, 0.5333296415515375, 870744000000, 
2.6470528625475094, -0.06530125121448904, 0.5313663574876953, 870846000000, 
2.6385982325769293, -0.0606700975971212, 0.529496690465367, 870948000000, 
2.630488475768645, -0.05521462259621431, 0.5277426380595389, 871050000000, 
2.620504635596946, -0.06031198993327713, 0.5259727562628347, 871152000000, 
2.6102640198876075, -0.06741485293679202, 0.5240838087502132, 871220000000, 
2.5999501038279167, -0.0685151058967648, 0.522047917287498, 871322000000, 
2.5900478056091307, -0.06738738092825584, 0.520017461954977, 871424000000, 
2.580181858560476, -0.06589415089146862, 0.5180119845331682, 871526000000, 
2.5698697329596687, -0.06726024216487343, 0.5160066264752851, 871628000000, 
2.5595930871754353, -0.06862923795013594, 0.5139763119130386, 871730000000, 
2.5495005357732032, -0.06789732395488486, 0.5119308903938871, 871832000000, 
2.5395435930251424, -0.06683164716764296, 0.5099091477315854, 871934000000, 
2.5295953106581863, -0.06635075038338971, 0.5079092959637688, 872036000000, 
2.5196962704324877, -0.06615774197551587, 0.5059223449410544, 872138000000, 
2.5097070595214483, -0.06629417045579326, 0.5039332427074749, 872240000000, 
2.499402035531202, -0.06764744967095264, 0.5019203576990092, 872342000000, 
2.489356503625537, -0.06783518631970391, 0.4998977065785458, 872444000000, 
2.479616310900075, -0.0659524154370894, 0.4978916566704543, 872546000000, 
2.469519886292343, -0.06612205777731361, 0.49589951338786364, 872648000000, 
2.459231214542197, -0.06795032119292739, 0.4938911607823076, 872750000000, 
2.4488414915141847, -0.0689279825938612, 0.4918395061565816, 872852000000, 
2.4390339203806635, -0.06732431387177791, 0.4898071084291364, 872920000000, 
2.429679674415681, -0.06387272366167984, 0.48783700575403527, 873022000000, 
2.420384240775304, -0.06216559868453153, 0.48593985570477655, 873124000000, 
2.4109229678115076, -0.06252235534724389, 0.48406579220016616, 873226000000, 
2.4010246939499087, -0.0645318227513177, 0.4821554601691147, 873328000000, 
2.39099879708073, -0.06641390243592522, 0.4801964305894764, 873430000000, 
2.3810254090940477, -0.06666428285287, 0.4782032600083124, 873532000000, 
2.371055952345147, -0.06647614911861055, 0.4762053439013283, 873634000000, 
2.361126367186553, -0.06633013969164825, 0.47421384857504983, 873736000000, 
2.3511589632298415, -0.06632329705101785, 0.4722227521841028, 873838000000, 
2.3412084090276037, -0.06639319386316493, 0.4702329159629332, 873940000000, 
2.331178914565973, -0.0666001622128946, 0.46823641912156116, 874042000000, 
2.3211646768936935, -0.06681244044636732, 0.46623680003248474, 874144000000, 
2.311162262133784, -0.06672217477396399, 0.4642337235728968, 874246000000, 
2.301114223499598, -0.06683484464698501, 0.4622294108351383, 874348000000, 
2.291422013207081, -0.06580082975567632, 0.4602465665893642, 874416000000, 
2.2819980371549873, -0.06372062114870254, 0.45830228492411107, 874518000000, 
2.2727513770770593, -0.06223545376673911, 0.45641142849594185, 874620000000, 
2.2636435258466507, -0.0611817043611218, 0.45455952933857985, 874722000000, 
2.2545153654891203, -0.060786705293129906, 0.45272735122752206, 874824000000, 
2.244998833729687, -0.06214897372321282, 0.4508771816710305, 874926000000, 
2.2352098428645126, -0.06435174208202572, 0.44898160280555466, 875028000000, 
2.225155233504975, -0.06614533408237329, 0.44702426067327833, 875130000000, 
2.2152404614539725, -0.06656460470180055, 0.4450403691882307, 875232000000, 
2.2053508369954233, -0.06601465503183856, 0.44304976879695807, 875334000000, 
2.195694828552898, -0.0651521096702486, 0.4410857418001529, 875436000000, 
2.1857288761051454, -0.06540653630092634, 0.4391183027768978, 875538000000, 
2.1757943960441666, -0.06633477502910434, 0.4371478733801473, 875640000000, 
2.1657410250284883, -0.06662617025552375, 0.4351509531451867, 875742000000, 
2.1557525854919835, -0.06680603517394375, 0.43315253377097584, 875844000000, 
2.145705725504837, -0.06678433174550413, 0.4311466224016873, 875946000000, 
2.135718042960891, -0.06678180843697461, 0.42914509026384745, 876014000000, 
2.125748773280583, -0.06652317408084733, 0.42714483611642073, 876116000000, 
2.1155915897550037, -0.06708817735295784, 0.4251372270664318, 876218000000, 
2.1057466901959714, -0.06667361028203829, 0.42313913688210386, 876320000000, 
2.0958754509806727, -0.06572046258110327, 0.4211475820621099, 876422000000, 
2.0859473803147655, -0.06599769960401976, 0.41917130143276066, 876524000000, 
2.0759563046663785, -0.06639715438098086, 0.4171852757307878, 876626000000, 
2.065890498478955, -0.06685627278603483, 0.41518627889734, 876728000000, 
2.0558661134440275, -0.06696730407450335, 0.41318086110595736, 876830000000, 
2.045771257303352, -0.0670641372520094, 0.411168524615089, 876932000000, 
2.035663039183039, -0.06734358086996146, 0.4091533606620279, 877034000000, 
2.025635761465097, -0.06711831946085045, 0.40713800386343246, 877136000000, 
2.0155655938877204, -0.06699148431772883, 0.4051242929690571, 877238000000, 
2.005655330843123, -0.06660143540657988, 0.4031237790797294, 877340000000, 
1.9956376460314895, -0.06642649285410289, 0.4011239047174888, 877442000000, 
1.9856180491265714, -0.06679093905517242, 0.39912740173341227, 877544000000, 
1.9756547214933375, -0.0666097484605066, 0.3971273611100932, 877612000000, 
1.9657191346096954, -0.06632971505625325, 0.3951327936819736, 877714000000, 
1.9556020290425518, -0.06684230816928594, 0.39313172567637233, 877816000000, 
1.9455074639511722, -0.06737223552841047, 0.39112190850689466, 877918000000, 
1.935460034765308, -0.06713998092414612, 0.38910463518393545, 878020000000, 
1.9255248456431218, -0.06660872769350161, 0.38709948962397345, 878122000000, 
1.915588117505287, -0.06623972420007007, 0.38510486652758114, 878224000000, 
1.9056490024509551, -0.0662528106405554, 0.383117464373291, 878326000000, 
1.895570378077474, -0.06672579809270977, 0.38112049986891444, 878428000000, 
1.885573108331965, -0.06691964706330082, 0.37911949925735955, 878530000000, 
1.8755433217511537, -0.06675685442106764, 0.37711245387737286, 878632000000, 
1.8654760972766913, -0.06699003685091205, 0.375106168490654, 878734000000, 
1.8555340181962807, -0.0666976785162432, 0.37310356248160836, 878836000000, 
1.845571656643441, -0.06634813544416751, 0.37110545147442753, 878938000000, 
1.835561801951674, -0.06657405414868922, 0.36911116511942643, 879040000000, 
1.8255717995610967, -0.06666619027448102, 0.36711368387708077, 879108000000, 
1.8155318942519585, -0.06676635899905155, 0.36511103305098197, 879210000000, 
1.8055861154459263, -0.0666189470505681, 0.3631126539505988, 879312000000, 
1.7981414582320876, -0.057968120066236306, 0.36128396452866485, 879414000000, 
1.7950866606662819, -0.034998182598814744, 0.3599209489562864, 879516000000, 
1.792982401391713, -0.01719685613458181, 0.35908070135267217, 879618000000, 
1.791474200948625, -0.012041532392189266, 0.35863621753377467, 879720000000, 
1.7904354321272544, -0.008489897548195438, 0.3583261356311728, 879822000000, 
1.7895021209745745, -0.006573599913501926, 0.35809411693669696, 879924000000, 
1.789449477835569, -0.0032865143056182156, 0.3579591353958265, 880026000000, 
1.7896534241457334, 0.0005043439038628547, 0.3579070015303918, 880128000000, 
1.7899009188149926, 0.0015048032647454097, 0.35793358805308634, 880230000000, 
1.790215985026024, 0.0018752029343020264, 0.35798468853244997, 880332000000, 
1.8020088476853082, 0.04035976290105214, 0.3588083834350883, 880434000000, 
1.7986644437174417, 0.028161528971392496, 0.3593926184285849, 880536000000, 
1.7885022786192881, -0.04502189688673367, 0.35927837133480256, 880638000000, 
1.7759087790502366, -0.07585221555735044, 0.3575383667591311, 880706000000, 
1.762863410279358, -0.08546289446643411, 0.35515163119659215, 880808000000, 
1.7501918098476055, -0.08572323067543704, 0.35259759994514667, 880910000000, 
1.7377411595336192, -0.08374083581912901, 0.35005309197737217, 881012000000, 
1.725990703006042, -0.08067035613854505, 0.34759491149248445, 881114000000, 
1.7145477943662246, -0.07731121722464855, 0.34521864379372574, 881216000000, 
1.7035885469538279, -0.07467385350738025, 0.3429418029550729, 881318000000, 
1.692950113210959, -0.07199227051755204, 0.34073909696873417, 881420000000, 
1.6826177832895044, -0.06990254554774496, 0.3386104295636194, 881522000000, 
1.6724639566015302, -0.06828718869809587, 0.3365354568734662, 881624000000, 
1.6622970467529983, -0.06773578845502042, 0.33449191910960224, 881726000000, 
1.652184512869154, -0.06759814577458778, 0.3324630344149122, 881828000000, 
1.6420908589823058, -0.06735395923564165, 0.3304381612402971, 881930000000, 
1.6320701663216473, -0.06704782182502218, 0.32842303587820715, 882032000000, 
1.622056131823802, -0.06678242386167914, 0.32641447714185035, 882134000000, 
1.611992900430202, -0.06692421963815069, 0.32440794657171007, 882236000000, 
1.6019687981552087, -0.06695777889531129, 0.3224011886939475, 882304000000, 
1.591912531040031, -0.0669345646339033, 0.32039161530836274, 882406000000, 
1.5818628080922486, -0.06701996687653367, 0.31838294248583254, 882508000000, 
1.5719212798621647, -0.06663750392622125, 0.31637977459962957, 882610000000, 
1.5619933514306872, -0.06623152220520456, 0.3143851626256734, 882712000000, 
1.5520374603842255, -0.06627939825979719, 0.31239680611180515, 882814000000, 
1.5420721737654992, -0.06640392555062657, 0.3104068657053608, 882916000000, 
1.5320811279218085, -0.06652110820805672, 0.30841271747143556, 883018000000, 
1.5221109020028998, -0.0665375725419981, 0.30641761357934716, 883120000000, 
1.512070676711744, -0.06670150403354835, 0.3044175137757635, 883222000000, 
1.5080990272429515, -0.0467062491998275, 0.3028187070638397, 883324000000, 
1.5057102609276352, -0.021201385947029472, 0.30172533099215537, 883426000000, 
1.503937230142846, -0.01387265700035186, 0.30118310122089553, 883528000000, 
1.5029663222621499, -0.009146462218284265, 0.30084092088884207, 883630000000, 
1.5024010511401007, -0.005120596675817583, 0.30062030690300645, 883732000000, 
1.502135558106501, -0.0027692138521628884, 0.30050019543391676, 883834000000, 
1.5024181702813504, 5.706380416562832e-05, 0.30046365196853014, 883902000000, 
1.502361979208233, 0.0007547370057732946, 0.30046104717307226, 884004000000, 
1.5020920577540553, -0.0010870417576502867, 0.3004581471495759, 884106000000, 
1.499949670196759, -0.008041030038246818, 0.30029358047726984, 884208000000, 
1.4954300881828537, -0.022206565237338587, 0.29983145440891124, 884310000000, 
1.4921529839257142, -0.02598895423681598, 0.29916884948702177, 884412000000, 
1.4909444243236125, -0.014952212864137357, 0.29856849976214533, 884514000000, 
1.4902390986003586, -0.006379617751185081, 0.29822243378997904, 884616000000, 
1.4899668390536844, -0.0032586175664269432, 0.29807669079851035, 884718000000, 
1.489806730577335, -0.0014412267434119979, 0.2980008445487585, 884820000000, 
1.4869506990863992, -0.010053799890950751, 0.2977816179144946, 884922000000, 
1.470958709362884, -0.06282673738150353, 0.2965144092684412, 885024000000, 
1.4523760560574006, -0.11524881009666199, 0.29401903096711224, 885126000000, 
1.450100565266562, -0.0695271469877401, 0.2915623553791231, 885228000000, 
1.455642581390844, 0.01088841777814468, 0.2905412801809871, 885330000000, 
1.4623353285026857, 0.04078254412041238, 0.2912052316773394, 885398000000, 
1.469071044583819, 0.044761543976583607, 0.2924699302984899, 885500000000, 
1.4745977817412126, 0.04087484412842309, 0.2937336103218478, 885602000000, 
1.4787825842187026, 0.032371798782944904, 0.294830094036249, 885704000000, 
1.4818489530236982, 0.024170570941618823, 0.29568195459890756, 885806000000, 
1.4838519720492114, 0.016897959435029364, 0.2962989006194408, 885908000000, 
1.4854029597180656, 0.011846688981224466, 0.29674025898606504, 886010000000, 
1.4862895187489469, 0.008125155665785014, 0.2970362967010816, 886112000000, 
1.487164214959243, 0.005870850803924761, 0.2972571128950837, 886214000000, 
1.4880189536224453, 0.005764782911661381, 0.297431512488709, 886316000000, 
1.488785133568221, 0.0054030620299265015, 0.297597886809994, 886418000000, 
1.4732360264047328, -0.049276424059041535, 0.29666934090635994, 886520000000, 
1.4667860253352063, -0.07333036077671551, 0.2952538123538774, 886622000000, 
1.4522073993613298, -0.07009542347801008, 0.29281529674008455, 886724000000, 
1.4370373296122925, -0.09916231907637944, 0.29040205028725524, 886826000000, 
1.4393361008800514, -0.042904328270928126, 0.28857205532357827, 886928000000, 
1.4451040806577702, 0.026889170151592385, 0.2880985007433409, 886996000000, 
1.4512700142712351, 0.0397797113039459, 0.2890473463872704, 887098000000, 
1.4566498250351567, 0.03848581459128845, 0.2902015946642775, 887200000000, 
1.4603983812422026, 0.03042788990322472, 0.29122121470323964, 887302000000, 
1.4643943296761914, 0.025815015470115703, 0.29209616906357005, 887404000000, 
1.4672170567672012, 0.022728918416661987, 0.29280065117903964, 887506000000, 
1.4697278373597733, 0.01777835894527291, 0.2934226149202111, 887608000000, 
1.4718170341652006, 0.01533325799333148, 0.29391746188614504, 887710000000, 
1.4728834866849483, 0.010518831083916602, 0.2942952238806615, 887812000000, 
1.4737337862117348, 0.00638917348844729, 0.2945622871374589, 887914000000, 
1.4738141654689136, 0.003102262613217851, 0.29469542922437314, 888016000000, 
1.4584803992518458, -0.050844623199629936, 0.29373522339549957, 888118000000, 
1.4391411493582322, -0.11557672036893803, 0.2914290476052661, 888220000000, 
1.423849229978991, -0.11543723090951567, 0.28809805190593796, 888322000000, 
1.4256774100105474, -0.044879131158949516, 0.28591118595651804, 888424000000, 
1.4344802813127346, 0.035436837779145115, 0.28560046142015155, 888526000000, 
1.4423519415857151, 0.0555817719172258, 0.28683397552726647, 888594000000, 
1.447556249390954, 0.043586560260731044, 0.2882925648192936, 888696000000, 
1.451501636145603, 0.030498981866293, 0.2894273218081515, 888798000000, 
1.4532819141335105, 0.019085549141855118, 0.2901559866446712, 888900000000, 
1.4559108184853053, 0.014697274465674445, 0.2907129579176279, 889002000000, 
1.4535481581714877, 0.0008874801265908635, 0.29084939271935356, 889104000000, 
1.4516088436674681, -0.014339916059457428, 0.29073785468828406, 889206000000, 
1.4517961896651845, -0.005839895021010714, 0.290463546100276, 889308000000, 
1.4513106167289749, -0.000994089794977467, 0.29031437667077514, 889410000000, 
1.451131328173333, -0.002216204972838772, 0.2902825423044995, 889512000000, 
1.4507573421792315, -0.0018442484991447, 0.2902132858054359, 889614000000, 
1.4504048630612159, -0.002421550373723491, 0.29015290222758533, 889716000000, 
1.4350328991915713, -0.05241480995886727, 0.2890796736288012, 889818000000, 
1.4160444260892175, -0.11453478990666104, 0.2867654792228003, 889920000000, 
1.4012535185273307, -0.1125979355474686, 0.28348872292054134, 890022000000, 
1.403457432144041, -0.04195664648392198, 0.28138369178403927, 890124000000, 
1.409502539281074, 0.027496735845811138, 0.2809475659968297, 890192000000, 
1.4155961585021724, 0.04046242119377134, 0.28190374199515245, 890294000000, 
1.420082086331963, 0.03526515683629642, 0.2830120522743473, 890396000000, 
1.4239712652809526, 0.027917022595934277, 0.2839766340076725, 890498000000, 
1.4242253363101487, 0.013810833260619049, 0.2845519125282043, 890600000000, 
1.4201030870503977, -0.012893927435183214, 0.2845533125760999, 890702000000, 
1.4139781896137402, -0.034157155654694904, 0.2838871075316191, 890804000000, 
1.4064558065154193, -0.04549093511659441, 0.2827024722119705, 890906000000, 
1.3980167781006416, -0.053204705043662, 0.28123005161532005, 891008000000, 
1.3910144899834183, -0.051471055106670306, 0.27969913830663196, 891110000000, 
1.3863763365159347, -0.03880147194902298, 0.278360506973333, 891212000000, 
1.3683062269350696, -0.07569421016116203, 0.2763798035622948, 891314000000, 
1.3478491812909297, -0.12842385075001683, 0.2735021163161289, 891416000000, 
1.3447975831343384, -0.07836214600243752, 0.27073019942402254, 891518000000, 
1.3492331812179637, 0.0046133330901132474, 0.2694586630428821, 891620000000, 
1.3536023726501856, 0.02934929838615726, 0.2698422091334992, 891688000000, 
1.3570942462010678, 0.02620354994368042, 0.2706619866712811, 891790000000, 
1.35918736394215, 0.018616637639881084, 0.27132559885289353, 891892000000, 
1.3600705401445683, 0.009920979811668396, 0.2717568100191857, 891994000000, 
1.3599326111404737, 0.0024841573277460207, 0.27194603434847947, 892096000000, 
1.3567679154618992, -0.011008748942230214, 0.2717847377831294, 892198000000, 
1.3505152151379811, -0.03139132000830861, 0.27114771611602356, 892300000000, 
1.3429513423767847, -0.046055243617048415, 0.2700156315317777, 892402000000, 
1.3340387163164755, -0.05492166273835197, 0.26850035158874946, 892504000000, 
1.3244834997514554, -0.06155947541776433, 0.26676490389631435, 892606000000, 
1.3151409837708212, -0.06299244181884767, 0.26491087998925017, 892708000000, 
1.3057692221812565, -0.062380925233996486, 0.2630262470469022, 892810000000, 
1.2957609151015785, -0.06460022889747563, 0.26111140807024374, 892912000000, 
1.2739568890176116, -0.10604111054548282, 0.2583658017533631, 893014000000, 
1.2518978031636294, -0.14621037312649707, 0.25477437381885465, 893116000000, 
1.249084115484392, -0.08290924511073235, 0.25166258717770884, 893218000000, 
1.2515503288282837, -0.0011582477844858847, 0.2501688164984203, 893286000000, 
1.2558864771266876, 0.022674538807652134, 0.2504347280959575, 893388000000, 
1.2597853800362875, 0.0274501706933461, 0.2511481457327506, 893490000000, 
1.2626066904489306, 0.02240071107414347, 0.25188523650746036, 893592000000, 
1.2611017612057864, 0.00438793723166316, 0.2522329221127336, 893694000000, 
1.2563713665104284, -0.020784413128340784, 0.2520053212110097, 893796000000, 
1.2499893791578967, -0.03704127349296593, 0.2511641671249408, 893898000000, 
1.242522925542717, -0.046161469892371056, 0.24992557808073615, 894000000000, 
1.2343342620630469, -0.0521837236494993, 0.24845643778424403, 894102000000, 
1.2258959669440257, -0.055423195328971143, 0.2468502103033193, 894204000000, 
1.2171558469818058, -0.057261383604136906, 0.2451590717325919, 894306000000, 
1.2076857502757399, -0.06070072222761939, 0.24338250428010474, 894408000000, 
1.1976217675455312, -0.06511359812091537, 0.24149755765353842, 894510000000, 
1.1876411969414697, -0.06681517778090044, 0.23952991431751602, 894612000000, 
1.1776941893005353, -0.06642526081665305, 0.2375304769191691, 894714000000, 
1.1676282981762867, -0.06670966255061028, 0.23553091229455275, 894782000000, 
1.1592606213138286, -0.061445226622355666, 0.23363887391937668, 894884000000, 
1.1536449817297614, -0.04661105482175095, 0.23203559341465846, 894986000000, 
1.1494001293292244, -0.032868306615347155, 0.23082038215818765, 895088000000, 
1.145385563813422, -0.02753139305446443, 0.22989537832482718, 895190000000, 
1.1393965360996912, -0.03334531076511086, 0.2289454819494892, 895292000000, 
1.1251365187689533, -0.06749681681489594, 0.22732790791213778, 895394000000, 
1.108568794133142, -0.1027591398884975, 0.2248734566001191, 895496000000, 
1.08444696449554, -0.13563184757804456, 0.221210151826509, 895598000000, 
1.0730286299923886, -0.11846721380251113, 0.21773629257473803, 895700000000, 
1.0644909711607418, -0.06651997778266046, 0.21479777104324468, 895802000000, 
1.0446731525013186, -0.09451825830356642, 0.21214618357696324, 895904000000, 
1.0215809124518012, -0.14303352902980201, 0.20871633574092407, 896006000000, 
0.9941539183496944, -0.16839744717208097, 0.20402719888685428, 896108000000, 
0.9830188901685897, -0.1285400742773716, 0.19991691473133902, 896210000000, 
0.9786260816953467, -0.05175945551449216, 0.19705325934757537, 896312000000, 
0.9759214762636418, -0.023658046349826305, 0.1958377632085052, 896380000000, 
0.9708303558155374, -0.02598575293269752, 0.19502519425163506, 896482000000, 
0.9623221189500674, -0.045331191045248076, 0.19393826340194978, 896584000000, 
1.0110119342496557, 0.1339385947803943, 0.19627762726768402, 896686000000, 
1.0131041774473473, 0.16927352832426634, 0.19909588204313802, 896788000000, 
0.9863723582089254, -0.08213192013576769, 0.20069923132706188, 896890000000, 
0.9675639739334682, -0.15180067837959701, 0.19780270063931607, 896992000000, 
0.9560086594984493, -0.10121232903492057, 0.1939963327760562, 897094000000, 
0.9585188418777166, -0.030150440185838418, 0.19213943168730896, 897196000000, 
0.9569621995053009, 0.003178466689505536, 0.19143264672543114, 897298000000, 
0.9550554110785984, -0.011544769330394203, 0.1913690968307744, 897400000000, 
0.9472118265623627, -0.032501243143127446, 0.19061529580975078, 897502000000, 
0.9459974860856165, -0.030193083309939528, 0.18988431491510518, 897604000000, 
0.9751317070772173, 0.0930662683828487, 0.19122273464834644, 897706000000, 
0.9846770830847563, 0.1289319899971327, 0.193720418416506, 897808000000, 
0.9952953936478248, 0.06721228856869173, 0.1970069455873199, 897910000000, 
1.0008896690254676, 0.05404195313570429, 0.19872414305053657, 897978000000, 
1.0053967192050592, 0.0336710851907814, 0.20010545212522343, 898080000000, 
1.0038079235702655, 0.009727515149326274, 0.20067295412005284, 898182000000, 
1.0004671358534512, -0.016431944505360303, 0.2006447852419184, 898284000000, 
1.0009163982677163, -0.009638417675164046, 0.20034609717942883, 898386000000, 
0.9993912779891848, -0.003586192880887795, 0.20005165414069015, 898488000000, 
0.9926393123861305, -0.02759028627195274, 0.19952979924286876, 898590000000, 
0.9760088746692589, -0.07794134439975305, 0.19786929766963826, 898692000000, 
0.9686704400316655, -0.07989624118154996, 0.19582124180580363, 898794000000, 
0.9543406451331206, -0.0722274317871278, 0.19326799732226965, 898896000000, 
0.949354479892089, -0.06438653379858827, 0.19149103767045836, 898998000000, 
0.9327912719684115, -0.07183124388236355, 0.18909909313290807, 899100000000, 
0.9230701797561311, -0.08761433378652612, 0.18701439544110876, 899202000000, 
0.9209669882972233, -0.03941427890396051, 0.18512189600145104, 899304000000, 
0.9175978183857711, -0.01824120456786667, 0.18410899909594172, 899406000000, 
0.9172123028623491, -0.012515618116247426, 0.18371847396968957, 899508000000, 
0.9162021418477417, -0.004652255126764704, 0.18340081753972412, 899576000000, 
0.9145116242096015, -0.009002262175825301, 0.18319507126131282, 899678000000, 
0.9142297231716995, -0.006574728920140845, 0.1829962326152695, 899780000000, 
0.9171328800603188, 0.008737519502390878, 0.18305828182944134, 899882000000, 
0.9094763240726145, -0.015844663663616698, 0.18272259515364217, 899984000000, 
0.9073428895481439, -0.032633301707249616, 0.1822634729120718, 900086000000, 
0.9095589289184791, 0.0002753494862154741, 0.18175854283594917, 900188000000, 
0.9114122106113788, 0.013564403544116255, 0.18188760193853346, 900290000000, 
0.9107639887998009, 0.004016866271072672, 0.18211567522197725, 900392000000, 
0.9708077269202529, 0.19798505436291358, 0.18619892842209548, 900494000000, 
0.9875371465315493, 0.25591052577249473, 0.19127392415010688, 900596000000, 
0.9811831122538534, 0.034584617778668315, 0.19596853238037704, 900698000000, 
0.9669440411703611, -0.06864368453729397, 0.19571095333038424, 900800000000, 
0.9531391057117305, -0.093480021807076, 0.19341775060906302, 900902000000, 
0.941034399396192, -0.08636547258056367, 0.1907411697518856, 901004000000, 
0.9332046902675656, -0.06644805148054989, 0.1884918796916992, 901106000000, 
0.9291380849778794, -0.03965438139437542, 0.1868918116427758, 901174000000, 
0.9257968034689793, -0.02469295599528761, 0.18587597191429497, 901276000000, 
1.0137998545743296, 0.2822058986548341, 0.19124898286807923, 901378000000, 
1.029276310744757, 0.3449316909192586, 0.19792486458587105, 901480000000, 
1.0387920482630688, 0.08330731229579724, 0.20545788090547704, 901582000000, 
1.022611591173916, -0.022215731902803054, 0.20604533001211608, 901684000000, 
0.9976243449993527, -0.13722567754572035, 0.2039351989624225, 901786000000, 
1.0025348175562132, -0.0669225787256759, 0.20151805024863212, 901888000000, 
0.9881970171065831, -0.03142442630923189, 0.19922374531080994, 901990000000, 
0.9662354008401506, -0.12099805572020876, 0.1971311490335298, 902092000000, 
0.9483937762625334, -0.1326774694801658, 0.19352174628061783, 902194000000, 
0.932837691899165, -0.11132569646995198, 0.18983112460012327, 902296000000, 
0.9188303662747042, -0.09854469995943083, 0.18667078896242684, 902398000000, 
0.9103311816799992, -0.07502170073055277, 0.18413328265692455, 902500000000, 
0.9070887677401159, -0.03913866178196076, 0.18241668771298794, 902602000000, 
0.8879912377023117, -0.07446647992562487, 0.18036074580816178, 902670000000, 
0.8935195239532557, -0.04523081262286732, 0.1792399686263789, 902772000000, 
0.8880889090635532, 0.00032557120413834184, 0.1779733113812747, 902874000000, 
0.7392723750745503, -0.5141571629290179, 0.16805872053942394, 902976000000, 
0.7639418670010931, -0.4138234735415336, 0.15942021007594645, 903078000000, 
0.8475963309670358, 0.3610798529749515, 0.15672070486951195, 903180000000, 
0.9266802540545817, 0.5424612901782951, 0.1692145634681807, 903282000000, 
0.9764347552767689, 0.4294614143657771, 0.18338075601989243, 903384000000, 
0.9995146269821583, 0.2427812430919222, 0.19350864242090057, 903486000000, 
0.9553454393706959, -0.07029771968690997, 0.1954196547753082, 903588000000, 
0.9485402645637264, -0.169914541394773, 0.1935600220611054, 903690000000, 
0.9239993325214915, -0.10448702283068156, 0.18852566909706092, 903792000000, 
0.9048610384607365, -0.1455974203432997, 0.1851600423697303, 903894000000, 
0.9047608664007688, -0.06412822040240888, 0.1822414158255331, 903996000000, 
0.9034084079040903, -0.004842101855487464, 0.18086868751770635, 904098000000, 
0.906143653493273, 0.004609290308347225, 0.18095419518654215, 904200000000, 
0.9074975732877557, 0.013630551278884795, 0.18113664231234125, 904268000000, 
0.9048868237935911, -0.0041894323322729425, 0.1812352033716413, 904370000000, 
0.8950117035428832, -0.04161956581624179, 0.18049307337494866, 904472000000, 
0.8770662578499282, -0.09273521981220963, 0.17846431901242682, 904574000000, 
0.8508085299225737, -0.14734391206769817, 0.17485909942102568, 904676000000, 
0.817086307472157, -0.19993316792590385, 0.1696640730163106, 904778000000, 
0.776327401983078, -0.24827042646498562, 0.16294814929185394, 904880000000, 
0.7376881631656877, -0.2646604810215643, 0.1554067915080615, 904982000000, 
0.6494150914641531, -0.4230410350630831, 0.14422871044086125, 905084000000, 
0.5373606109621714, -0.6677585073450546, 0.12829759103946747, 905186000000, 
0.4862517534218036, -0.5438777934744984, 0.11153516372320854, 905288000000, 
0.29139988223567054, -0.8198690957550028, 0.08766748310797637, 905390000000, 
0.10430439690990151, -1.2731578550396736, 0.05879706883782504, 905492000000, 
0.12832659721973047, -0.5435776167198002, 0.03493539175768683, 905594000000, 
0.1765045692877465, 0.24066724125948327, 0.02727570422782523, 905696000000, 
0.1496988532674484, 0.07124085349239306, 0.030302001318328355, 905798000000, 
0.10834020725622295, -0.22721454010507847, 0.028969575320761186, 905866000000, 
0.14111201959095543, -0.028622778921643204, 0.02661007200764178, 905968000000, 
0.14319773441777497, 0.1161917572051734, 0.026176664084330222, 906070000000, 
0.14189613458658037, 0.0026137166520831534, 0.028413725906354048, 906172000000, 
0.14442370780497898, 0.0040865779573467, 0.028634505120622288, 906274000000, 
0.14986554607038832, 0.02656470494602649, 0.02907902589746318, 906376000000, 
0.1560421995558199, 0.03872830583613642, 0.03002209689541248, 906478000000, 
0.161176410837605, 0.03770288255738894, 0.031138943764254218, 906580000000, 
0.16518613037178015, 0.030479769386534128, 0.032160316051013674, 906682000000, 
0.158917474184894, -0.007529788842370044, 0.03235200102628527, 906784000000, 
0.15172996637598024, -0.04485387998599969, 0.03172223806217696, 906886000000, 
0.15209082868504997, -0.022755484999480064, 0.03084921794972828, 906988000000, 
0.15995005435823265, 0.027400293274174686, 0.030918056627950854, 907090000000, 
0.162163173039152, 0.03357448118034012, 0.031613603738828974, 907192000000, 
0.16510783335023435, 0.01719259664000568, 0.03248140404984127, 907294000000, 
0.16959245619855354, 0.024764277198005096, 0.033124230839195995, 907396000000, 
0.17625662439809064, 0.037162636826187645, 0.03406379426312524, 907464000000, 
0.18111761986334476, 0.038417212215970754, 0.03513111336399926, 907566000000, 
0.18280798912817012, 0.021837882433598244, 0.036012148892640365, 907668000000, 
0.18560819075757418, 0.014968569647431373, 0.03663558664993927, 907770000000, 
0.18706269332689493, 0.014182347329082709, 0.037031924880842615, 907872000000, 
0.18824159455084047, 0.008778012644220975, 0.03739416524235397, 907974000000, 
0.18884810870468383, 0.005951384592629653, 0.037610159772161283, 908076000000, 
0.19469025812050272, 0.02149554523220752, 0.03811866409173514, 908178000000, 
0.19588250727163461, 0.0234479952231693, 0.038628058273121414, 908280000000, 
0.19379648873160757, -0.0029792312963171827, 0.03895795027491633, 908382000000, 
0.18258450205822085, -0.04432668404471254, 0.0381508998707642, 908484000000, 
0.17173525483034516, -0.07353744633754138, 0.0365410830413449, 908586000000, 
0.15239064266836178, -0.10064619796619693, 0.033780693303795184, 908688000000, 
0.14304125438366, -0.09564666815561719, 0.03114447679215779, 908790000000, 
0.13631770530707873, -0.05357645787094347, 0.028783306823940036, 908892000000, 
0.12885911023698834, -0.04727381382223885, 0.02721453799518181, 908994000000, 
0.11998446667956401, -0.0544441287583824, 0.02567741881490874, 909062000000, 
0.10934717272597802, -0.06503979170336775, 0.023879383309502025, 909164000000, 
